"User ID","Username","Comment ID","Comment","Comment Time","User Homepage","Avatar URL"
"6072569952","dimasyogadyf","=""17894961578756565""","Info yang sudah datang ke lokasi lanjutan prosesnya gimana ?apa ada hasil","5/30/2023, 4:40:43 PM","https://www.instagram.com/dimasyogadyf","https://instagram.fsub6-6.fna.fbcdn.net/v/t51.2885-19/49567977_238860603715056_8471541181375840256_n.jpg?stp=dst-jpg_s150x150&_nc_ht=instagram.fsub6-6.fna.fbcdn.net&_nc_cat=100&_nc_ohc=AN8sX20zWG4Q7kNvgG48cb9&edm=AI-cjbYBAAAA&ccb=7-5&oh=00_AYBPKbB5pRvFCb2Y6eMbps8tE6E0Ojcuo31t7Cy9Q6f4QA&oe=666EEB29&_nc_sid=0985b0"
"5848467906","farieshizrian","=""18011131960654024""","Apa perlu membawa hard copy dokumen2?","5/31/2023, 12:53:03 AM","https://www.instagram.com/farieshizrian","https://instagram.fsub6-4.fna.fbcdn.net/v/t51.2885-19/346896056_593727799520587_5272688127775079992_n.jpg?stp=dst-jpg_s150x150&_nc_ht=instagram.fsub6-4.fna.fbcdn.net&_nc_cat=107&_nc_ohc=gfAynPgADrgQ7kNvgEzuk2t&edm=AI-cjbYBAAAA&ccb=7-5&oh=00_AYCJzu7Sp1F7HJ2Z0fJoFC2sr68YOzrRiHT_tGcj156RUA&oe=666EF958&_nc_sid=0985b0"
"10338102671","tutikwidi12_","=""17889294629780911""","min, ktp sda bisa ikut kah ?","5/31/2023, 1:04:16 AM","https://www.instagram.com/tutikwidi12_","https://instagram.fsub6-1.fna.fbcdn.net/v/t51.2885-19/59810389_2043551395755810_4038786129019797504_n.jpg?stp=dst-jpg_s150x150&_nc_ht=instagram.fsub6-1.fna.fbcdn.net&_nc_cat=106&_nc_ohc=mTZbuZNlZFEQ7kNvgF5XSaE&edm=AI-cjbYBAAAA&ccb=7-5&oh=00_AYAtLrhhxWK3FqnLPiSOR5DY6ho9betL0Set9lYVueHWQg&oe=666EF895&_nc_sid=0985b0"
"2285406045","l1vvv_","=""18056011708416757""","Ada yg dtg sesi 2 gak yaaa ??? Bareng yuk","5/31/2023, 7:40:49 AM","https://www.instagram.com/l1vvv_","https://instagram.fsub6-6.fna.fbcdn.net/v/t51.2885-19/447983064_718030617015549_1070500575000159753_n.jpg?stp=dst-jpg_s150x150&_nc_ht=instagram.fsub6-6.fna.fbcdn.net&_nc_cat=109&_nc_ohc=aPegT7IfA-4Q7kNvgET8Tzz&edm=AI-cjbYBAAAA&ccb=7-5&oh=00_AYDhnyBfetFNSRQ3Eyq19x3RefUm4wfVBGR5MBZCytMuRg&oe=666EFA99&_nc_sid=0985b0"
"225369396","irjngp","=""17866093193931944""","Cuma buat yg KTP Surabaya ta min ?","5/31/2023, 7:53:03 AM","https://www.instagram.com/irjngp","https://instagram.fsub6-6.fna.fbcdn.net/v/t51.2885-19/423558880_1499292317317809_8030979201256694786_n.jpg?stp=dst-jpg_s150x150&_nc_ht=instagram.fsub6-6.fna.fbcdn.net&_nc_cat=109&_nc_ohc=UjeSzhGHeyMQ7kNvgFq1Rej&edm=AI-cjbYBAAAA&ccb=7-5&oh=00_AYD70bI5viBl2Davyhw7KHcPVXFzh5ueueXAFl0VWlsYjw&oe=666EF203&_nc_sid=0985b0"
"1340616282","nafisayyi","=""18004519369775952""","@hanifaaaah","5/31/2023, 8:04:38 AM","https://www.instagram.com/nafisayyi","https://instagram.fsub6-7.fna.fbcdn.net/v/t51.2885-19/320421555_150459307770506_4243553871629293470_n.jpg?stp=dst-jpg_s150x150&_nc_ht=instagram.fsub6-7.fna.fbcdn.net&_nc_cat=102&_nc_ohc=OlkEEKyKBEsQ7kNvgGe08Oi&edm=AI-cjbYBAAAA&ccb=7-5&oh=00_AYADS6kGr-j3__HjbILb4WoQl1kLNR11PO5ADnLf7_0JYg&oe=666ECDBC&_nc_sid=0985b0"
"46639007717","yanfaridfaizol","=""17952130427621211""","Tolong admine di respon seng komen penting keluh kesah e ikiloh di arahno yaopo seng komen Iki Kabeh roto² suroboyo","5/31/2023, 8:24:50 AM","https://www.instagram.com/yanfaridfaizol","https://instagram.fsub6-6.fna.fbcdn.net/v/t51.2885-19/447174757_372295099191329_5533074711719759530_n.jpg?stp=dst-jpg_s150x150&_nc_ht=instagram.fsub6-6.fna.fbcdn.net&_nc_cat=105&_nc_ohc=JfF1tx7mmTEQ7kNvgGARsxl&edm=AI-cjbYBAAAA&ccb=7-5&oh=00_AYB0ObFMjVeTGCIEDaJYhQnIIseVeHOl8oiyFmehOFRN7g&oe=666EF682&_nc_sid=0985b0"
"5532696490","alvasya_195","=""17958882884385593""","@rabkasaktya_ar","6/7/2023, 11:22:46 AM","https://www.instagram.com/alvasya_195","https://instagram.fsub6-7.fna.fbcdn.net/v/t51.2885-19/334305980_2306482246201120_6589295637752216760_n.jpg?stp=dst-jpg_s150x150&_nc_ht=instagram.fsub6-7.fna.fbcdn.net&_nc_cat=104&_nc_ohc=_qRW20em93sQ7kNvgGRBOxp&edm=AI-cjbYBAAAA&ccb=7-5&oh=00_AYBQE1pkkp9RVTgtUacpCJ69g0kxseR9jGTxtW9DEPhjwg&oe=666EEB7B&_nc_sid=0985b0"
"4065911329","akbar_sa_raga","=""17996082661796481""","@alvasya_195 oke","6/7/2023, 11:25:19 AM","https://www.instagram.com/akbar_sa_raga","https://instagram.fsub6-7.fna.fbcdn.net/v/t51.2885-19/386897336_1785179525245118_1612566623261729976_n.jpg?stp=dst-jpg_s150x150&_nc_ht=instagram.fsub6-7.fna.fbcdn.net&_nc_cat=102&_nc_ohc=qgdFy6u9uMIQ7kNvgFpqjl-&edm=AI-cjbYBAAAA&ccb=7-5&oh=00_AYAXLVrCdVFX79IAUI7LCCyEK-hsJvjioqPPpqFWA8M39Q&oe=666ECB08&_nc_sid=0985b0"
"1652563916","aji__agung","=""17958513002536274""","Ruwet","6/11/2023, 8:14:19 PM","https://www.instagram.com/aji__agung","https://instagram.fsub6-7.fna.fbcdn.net/v/t51.2885-19/381299401_125926787275107_8486466098355701386_n.jpg?stp=dst-jpg_s150x150&_nc_ht=instagram.fsub6-7.fna.fbcdn.net&_nc_cat=103&_nc_ohc=qZscxxSu104Q7kNvgFlbYgy&edm=AI-cjbYBAAAA&ccb=7-5&oh=00_AYD5OUuj7bjpOL2wfMZa-NeT9-4jDW7BmMpzPmhZxTHpqw&oe=666EC98B&_nc_sid=0985b0"
"14976132815","puji_azzza","=""17961202073599586""","@disperinakersby  mohon untuk disorot perusahaan outsourcing @ptjagaragaadika  perusahaan ini menghalang2i pengambilan ijasah karyawan yang mengajukan resaign (karyawan dalam masa training) (diharuskan membayar denda 4.5 juta dengan alasan sanksi) untuk karyawan training diwajibkan kerja 12 jam/ hari, dan diwajibkan 3 hari dalam seminggu harus kerja 21 jam. Tidak ada jaminan bpjs kesehatan dan bpjs ketengakerjaan. Untuk gaji tidak sesuai dengan jam yang dikerjakan karyawan training. Ini sungguh tidak masuk akal, karena tidak ada asuransi apapun, bagaimana kalau ada karyawan meninggal karena kelelahan? Siapa yang mau bertanggung jawab? Bagaimana ada perusahaan yang tidak memanusiakan manusia? Minta rincian gaji dipersulit. Minta salinan kontrak kerja juga tidak diberi. Saya punya bukti rekam dari awal dengan pihak HRD ibu intan, ibu virgie serta kepala security bapak suryo (dengan 2 bukti rekam )","6/15/2023, 10:37:01 AM","https://www.instagram.com/puji_azzza","https://instagram.fsub6-5.fna.fbcdn.net/v/t51.2885-19/332532904_1689657931477139_5399761931852404792_n.jpg?stp=dst-jpg_s150x150&_nc_ht=instagram.fsub6-5.fna.fbcdn.net&_nc_cat=111&_nc_ohc=aonyjRheHYcQ7kNvgE8Nyf8&edm=AI-cjbYBAAAA&ccb=7-5&oh=00_AYCJJ2dnXA3__5FGky6ttmgLIWG8KimMiq2n3mMEmdj1Pw&oe=666EE232&_nc_sid=0985b0"
"48249427105","moch.syafarudinudin86","=""17977682090159421""","Percuma gak bakalan diterima sya asli surabaya udh capek2 daftar di aplikasi gak panggil2 ini aplikasi apa sponsor baca wahai disperinakersby","7/6/2023, 11:38:18 AM","https://www.instagram.com/moch.syafarudinudin86","https://instagram.fsub6-1.fna.fbcdn.net/v/t51.2885-19/361979904_1000871564266818_2513652542455203542_n.jpg?stp=dst-jpg_s150x150&_nc_ht=instagram.fsub6-1.fna.fbcdn.net&_nc_cat=106&_nc_ohc=0v08dDyjl1AQ7kNvgHguYV7&edm=AI-cjbYBAAAA&ccb=7-5&oh=00_AYBERlL4Tgu6B1zFXvRB3HFeofEJgVLpAAM63XZoCBrTfA&oe=666EC797&_nc_sid=0985b0"
"3238525391","andrikurniawan1927","=""17903817968802579""","@erikapaaa_","7/11/2023, 5:15:53 PM","https://www.instagram.com/andrikurniawan1927","https://instagram.fsub6-6.fna.fbcdn.net/v/t51.2885-19/412139457_378060448231929_2701547098495766869_n.jpg?stp=dst-jpg_s150x150&_nc_ht=instagram.fsub6-6.fna.fbcdn.net&_nc_cat=109&_nc_ohc=VrCQMIy0YOsQ7kNvgGLnB1v&edm=AI-cjbYBAAAA&ccb=7-5&oh=00_AYC0BLoXqY_V5kltpWdbfMSRimPTyzuog4IxskVFJMGMzQ&oe=666EDFC2&_nc_sid=0985b0"
"3685936312","sugionodjuli","=""18372637774033747""","Koyoke kok khusus warga Surabaya yaaa","7/20/2023, 6:05:59 PM","https://www.instagram.com/sugionodjuli","https://instagram.fsub6-6.fna.fbcdn.net/v/t51.2885-19/292417823_725895325382253_2156009066391106666_n.jpg?stp=dst-jpg_s150x150&_nc_ht=instagram.fsub6-6.fna.fbcdn.net&_nc_cat=109&_nc_ohc=Mg2C0l84nm8Q7kNvgHbCC8i&edm=AI-cjbYBAAAA&ccb=7-5&oh=00_AYD0RHZIVQ27_Tblmi5SipO2jEXvmKLybc-UAek_vLn2JA&oe=666ECDA9&_nc_sid=0985b0"
"1469852580","adp0497","=""18007540456842089""","aku gabisa login karna lupa password tapi mau reset ulang pun juga gabisa, gimana dong","7/21/2023, 8:35:49 AM","https://www.instagram.com/adp0497","https://instagram.fsub6-4.fna.fbcdn.net/v/t51.2885-19/352430439_1347583999154407_47411483734540736_n.jpg?stp=dst-jpg_s150x150&_nc_ht=instagram.fsub6-4.fna.fbcdn.net&_nc_cat=107&_nc_ohc=ZRfw_wNSVU8Q7kNvgGohgOO&edm=AI-cjbYBAAAA&ccb=7-5&oh=00_AYALMXUUmsq7zEDXUPfGgdpv4mSuLVCL2_tw5KjB7k7geg&oe=666ED8D0&_nc_sid=0985b0"
"1469852580","adp0497","=""17988495242017832""","@julivegi iyaa sama aku juga gitu kak bingung mau masuk nya gimana","7/21/2023, 8:37:18 AM","https://www.instagram.com/adp0497","https://instagram.fsub6-4.fna.fbcdn.net/v/t51.2885-19/352430439_1347583999154407_47411483734540736_n.jpg?stp=dst-jpg_s150x150&_nc_ht=instagram.fsub6-4.fna.fbcdn.net&_nc_cat=107&_nc_ohc=ZRfw_wNSVU8Q7kNvgGohgOO&edm=AI-cjbYBAAAA&ccb=7-5&oh=00_AYALMXUUmsq7zEDXUPfGgdpv4mSuLVCL2_tw5KjB7k7geg&oe=666ED8D0&_nc_sid=0985b0"
"58578732578","riadwi91","=""18045131392482030""","Ribet sih memang","7/21/2023, 8:44:04 PM","https://www.instagram.com/riadwi91","https://instagram.fsub6-6.fna.fbcdn.net/v/t51.2885-19/362645134_241674542013312_6027744485281274364_n.jpg?stp=dst-jpg_s150x150&_nc_ht=instagram.fsub6-6.fna.fbcdn.net&_nc_cat=100&_nc_ohc=G2WQBCgXqxQQ7kNvgGfoPoP&edm=AI-cjbYBAAAA&ccb=7-5&oh=00_AYC3QmeFkw2xFSLD1H7zAtyI7JhvvEX3FGqDvb8XnhhaYA&oe=666EF100&_nc_sid=0985b0"
"1659445696","ilham_ekaaaa","=""18230938177224193""","@sugionodjuli yo namae jg disnaker sby mazze😑","7/22/2023, 5:26:11 AM","https://www.instagram.com/ilham_ekaaaa","https://instagram.fsub6-4.fna.fbcdn.net/v/t51.2885-19/311636760_651603556552375_4936347003102699094_n.jpg?stp=dst-jpg_s150x150&_nc_ht=instagram.fsub6-4.fna.fbcdn.net&_nc_cat=107&_nc_ohc=RnBwZvBrC9QQ7kNvgFo8A-Z&edm=AI-cjbYBAAAA&ccb=7-5&oh=00_AYBm0_Tuz6tqw4BnLuvSEJs_jhqHF78t5MS9DU1lJCfDVQ&oe=666EF8AB&_nc_sid=0985b0"
"35788332064","y3ni_putri","=""17959067300624317""","Saya jg GK bsa masuk bagaimana solusinya@disperinakersby","7/24/2023, 6:54:27 AM","https://www.instagram.com/y3ni_putri","https://instagram.fsub6-6.fna.fbcdn.net/v/t51.2885-19/295277869_417137413773485_8745234415242705039_n.jpg?stp=dst-jpg_s150x150&_nc_ht=instagram.fsub6-6.fna.fbcdn.net&_nc_cat=105&_nc_ohc=OSWZb773o44Q7kNvgHGCW_P&edm=AI-cjbYBAAAA&ccb=7-5&oh=00_AYCtLAEaBZw43Qq-Z9iKsWn7mBFhgamwzEDS8Fy16GDKAw&oe=666EE44F&_nc_sid=0985b0"
"5724582542","pradanap003","=""18376029700042234""","Carane ketemu wong dalam piye rek?","8/8/2023, 4:49:46 PM","https://www.instagram.com/pradanap003","https://instagram.fsub6-6.fna.fbcdn.net/v/t51.2885-19/267095186_438107871249393_5458353147206599961_n.jpg?stp=dst-jpg_s150x150&_nc_ht=instagram.fsub6-6.fna.fbcdn.net&_nc_cat=109&_nc_ohc=4TjoUe7ehl0Q7kNvgHqGSVL&edm=AI-cjbYBAAAA&ccb=7-5&oh=00_AYDrlIFLmcAvILvbLyZX4T1icR57-WJEYFPdKslmsUNF4g&oe=666ED4EA&_nc_sid=0985b0"
"2116515134","daniel_endra_christiawan","=""17925285662750280""","Kalau ikut psikotes sblm pelatihan dapat uang saku gak sih?","8/10/2023, 8:31:01 AM","https://www.instagram.com/daniel_endra_christiawan","https://instagram.fsub6-4.fna.fbcdn.net/v/t51.2885-19/386646418_1155793789142275_7148849355245387646_n.jpg?stp=dst-jpg_s150x150&_nc_ht=instagram.fsub6-4.fna.fbcdn.net&_nc_cat=107&_nc_ohc=GjacJWBY7tAQ7kNvgGrKBuL&edm=AI-cjbYBAAAA&ccb=7-5&oh=00_AYCh8TMqMz1nCvWgCA7Y45kxbQFza0ay_Xc6zQYirydMwA&oe=666EC94F&_nc_sid=0985b0"
"9501001843","akutita_","=""18389078557018598""","@adp0497 loh samaan kak terus giamnaa ini","10/5/2023, 6:31:11 PM","https://www.instagram.com/akutita_","https://instagram.fsub6-1.fna.fbcdn.net/v/t51.2885-19/446214707_414312964769038_6735475944660103168_n.jpg?stp=dst-jpg_s150x150&_nc_ht=instagram.fsub6-1.fna.fbcdn.net&_nc_cat=110&_nc_ohc=og4YF03gOf8Q7kNvgFQ18cM&edm=AI-cjbYBAAAA&ccb=7-5&oh=00_AYCv0rZRf1isqjwOBKotHbovM7U7oODBvKEMnWH5sABRGg&oe=666EE015&_nc_sid=0985b0"
"7065711258","muhammad_rizal1702","=""17846968347079153""","Mau tanya ini harus punya KTP Surabaya ya temB","10/15/2023, 10:48:55 AM","https://www.instagram.com/muhammad_rizal1702","https://instagram.fsub6-4.fna.fbcdn.net/v/t51.2885-19/334289249_739538207970079_8160510641545622188_n.jpg?stp=dst-jpg_s150x150&_nc_ht=instagram.fsub6-4.fna.fbcdn.net&_nc_cat=107&_nc_ohc=DBlWm-YFBXMQ7kNvgHhRehv&edm=AI-cjbYBAAAA&ccb=7-5&oh=00_AYBBHBnENg3278pSwmfk8X_VJQtXJ1JEDQuRbTNIX2pVOQ&oe=666EF08A&_nc_sid=0985b0"
"9522375524","rizkisan01","=""18005291990032446""","@moch.syafarudinudin86 iya, soalnya cuman for****tas","10/25/2023, 3:51:42 PM","https://www.instagram.com/rizkisan01","https://instagram.fsub6-4.fna.fbcdn.net/v/t51.2885-19/425140435_757865522477635_1712317781783328815_n.jpg?stp=dst-jpg_s150x150&_nc_ht=instagram.fsub6-4.fna.fbcdn.net&_nc_cat=107&_nc_ohc=x7nY9Jf5k7sQ7kNvgGHsD01&edm=AI-cjbYBAAAA&ccb=7-5&oh=00_AYC5yl8ODqt9kuyT_ZHDw7wiLweWi5fGGu-Xq1nog_AE7w&oe=666EF0BB&_nc_sid=0985b0"
"48249427105","moch.syafarudinudin86","=""18093510604371274""","@rizkisan01 percuma mas sekarang","10/25/2023, 7:23:40 PM","https://www.instagram.com/moch.syafarudinudin86","https://instagram.fsub6-1.fna.fbcdn.net/v/t51.2885-19/361979904_1000871564266818_2513652542455203542_n.jpg?stp=dst-jpg_s150x150&_nc_ht=instagram.fsub6-1.fna.fbcdn.net&_nc_cat=106&_nc_ohc=0v08dDyjl1AQ7kNvgHguYV7&edm=AI-cjbYBAAAA&ccb=7-5&oh=00_AYBERlL4Tgu6B1zFXvRB3HFeofEJgVLpAAM63XZoCBrTfA&oe=666EC797&_nc_sid=0985b0"
"9660420565","noviita.candra","=""18377518660067093""","@andikafarel1677","11/6/2023, 3:06:51 PM","https://www.instagram.com/noviita.candra","https://instagram.fsub6-1.fna.fbcdn.net/v/t51.2885-19/236725177_1429247744135682_4422878758420514817_n.jpg?stp=dst-jpg_s150x150&_nc_ht=instagram.fsub6-1.fna.fbcdn.net&_nc_cat=106&_nc_ohc=iIOc6yj0wNAQ7kNvgHFdO3T&edm=AI-cjbYBAAAA&ccb=7-5&oh=00_AYC16h9ib3nwjPUorhh3wbUV7zYwrre4PywZPNbVN82f1A&oe=666EE5A9&_nc_sid=0985b0"
"1953515864","leonheart_31","=""18019073731787822""","@akutita_ sama aku juga.. aneh banget webnya","12/8/2023, 9:26:56 AM","https://www.instagram.com/leonheart_31","https://instagram.fsub6-1.fna.fbcdn.net/v/t51.2885-19/397397262_711958677069414_6834247132523417177_n.jpg?stp=dst-jpg_s150x150&_nc_ht=instagram.fsub6-1.fna.fbcdn.net&_nc_cat=106&_nc_ohc=wrMG1O6lErcQ7kNvgH35lIN&edm=AI-cjbYBAAAA&ccb=7-5&oh=00_AYAk-vdYJ-Q-d-WdDq_KBMOyoR9TaeRK9fg335YjUo88yQ&oe=666ECBAF&_nc_sid=0985b0"
"4606038194","dodypass7","=""17883819674976263""","@adp0497 datang aja lsg kedisnakernya klarfikasi disitu","12/9/2023, 1:03:48 PM","https://www.instagram.com/dodypass7","https://instagram.fsub6-4.fna.fbcdn.net/v/t51.2885-19/139572805_252512089556557_7845382766411366968_n.jpg?stp=dst-jpg_s150x150&_nc_ht=instagram.fsub6-4.fna.fbcdn.net&_nc_cat=101&_nc_ohc=Gpp_hZ1nlvkQ7kNvgG8q2Zx&edm=AI-cjbYBAAAA&ccb=7-5&oh=00_AYDJtbcuBUXR3V49r1mdzyFoQm6nw2Ar-rDjjLEv0sjH6A&oe=666ED1AA&_nc_sid=0985b0"
"1979896662","yoomee._","=""17956876673695956""","aku pencet lupa password trs reset ttp gabisa, notifnya reset gagal","12/14/2023, 12:30:50 PM","https://www.instagram.com/yoomee._","https://instagram.fsub6-4.fna.fbcdn.net/v/t51.2885-19/372593044_707951161174009_1299820997561567614_n.jpg?stp=dst-jpg_s150x150&_nc_ht=instagram.fsub6-4.fna.fbcdn.net&_nc_cat=101&_nc_ohc=OrAhbTgct5UQ7kNvgFftS32&edm=AI-cjbYBAAAA&ccb=7-5&oh=00_AYAgmi5A0CuSLh8y6Tghh8S5kRqbmsEBG0whvMtPttuigw&oe=666ED509&_nc_sid=0985b0"
"1169161275","y4k08","=""18040145368713808""","@moch.syafarudinudin86 lowongan kerjanya banyak yg minta min.D1..SMK/STM dicari gak ada..","1/31/2024, 9:46:26 AM","https://www.instagram.com/y4k08","https://instagram.fsub6-7.fna.fbcdn.net/v/t51.2885-19/364954846_123753540760864_2894260108466964057_n.jpg?stp=dst-jpg_s150x150&_nc_ht=instagram.fsub6-7.fna.fbcdn.net&_nc_cat=104&_nc_ohc=WVoR2uNpzSQQ7kNvgGiXu9C&edm=AI-cjbYBAAAA&ccb=7-5&oh=00_AYDhEWszDKoS7PA4FL0o2EdPEnuvXFisMwQyHCNMSVsr3Q&oe=666EC7A0&_nc_sid=0985b0"
"64085098143","rohmanhabibin","=""17883602655002126""","Apakah semua lowongan kerja disini valid ua min","2/18/2024, 3:49:28 PM","https://www.instagram.com/rohmanhabibin","https://instagram.fsub6-4.fna.fbcdn.net/v/t51.2885-19/412294163_1036314137630659_4648732363203392034_n.jpg?stp=dst-jpg_s150x150&_nc_ht=instagram.fsub6-4.fna.fbcdn.net&_nc_cat=107&_nc_ohc=SCIJXTKwoW4Q7kNvgGsB1YK&edm=AI-cjbYBAAAA&ccb=7-5&oh=00_AYDXNCUm57ktW9fXCpxbroqAjUdJ-0mF-m5TNh13km0QTg&oe=666ED7A5&_nc_sid=0985b0"
"9126186866","ahmadrofi03","=""18314065870125046""","@pradanap003 nitip 😂","3/22/2024, 1:22:33 PM","https://www.instagram.com/ahmadrofi03","https://instagram.fsub6-6.fna.fbcdn.net/v/t51.2885-19/446195977_923871479427489_6102207312835797087_n.jpg?stp=dst-jpg_s150x150&_nc_ht=instagram.fsub6-6.fna.fbcdn.net&_nc_cat=109&_nc_ohc=InI4bQlAG80Q7kNvgHFABoL&edm=AI-cjbYBAAAA&ccb=7-5&oh=00_AYCOd1VsMU6Atb4UfZofg_AMzFNYydMKdhoVrDSlef3d_g&oe=666EC5D1&_nc_sid=0985b0"
"65374480472","rush_ziwey","=""18053512222600603""","Susah cari kerja,walau sudah pernah diklat.padahal orang surabaya sendiri susah nyari kerja di Surabaya","3/23/2024, 2:10:29 PM","https://www.instagram.com/rush_ziwey","https://instagram.fsub6-7.fna.fbcdn.net/v/t51.2885-19/431774999_934104961446748_4965077540203307670_n.jpg?stp=dst-jpg_s150x150&_nc_ht=instagram.fsub6-7.fna.fbcdn.net&_nc_cat=104&_nc_ohc=4r4kiCFjRQAQ7kNvgFzlL-H&edm=AI-cjbYBAAAA&ccb=7-5&oh=00_AYCps-DW954oOMg7QwPg9CxEuEOvK74tenk1qvJilWgRFg&oe=666EE1BE&_nc_sid=0985b0"
"65374480472","rush_ziwey","=""18031659892746527""","@puji_azzza langsung ke disnaker,kalo gak ada tindak lanjut berarti","3/23/2024, 2:13:07 PM","https://www.instagram.com/rush_ziwey","https://instagram.fsub6-7.fna.fbcdn.net/v/t51.2885-19/431774999_934104961446748_4965077540203307670_n.jpg?stp=dst-jpg_s150x150&_nc_ht=instagram.fsub6-7.fna.fbcdn.net&_nc_cat=104&_nc_ohc=4r4kiCFjRQAQ7kNvgFzlL-H&edm=AI-cjbYBAAAA&ccb=7-5&oh=00_AYCps-DW954oOMg7QwPg9CxEuEOvK74tenk1qvJilWgRFg&oe=666EE1BE&_nc_sid=0985b0"
"34673728073","wulleficent","=""18025450778078659""","Klo lupa password sm email akun cara mulihinnya gmn yah ??","4/19/2024, 9:29:05 AM","https://www.instagram.com/wulleficent","https://instagram.fsub6-1.fna.fbcdn.net/v/t51.2885-19/446336140_1133493611318854_7429427266466951375_n.jpg?stp=dst-jpg_s150x150&_nc_ht=instagram.fsub6-1.fna.fbcdn.net&_nc_cat=110&_nc_ohc=RbspKzXip0kQ7kNvgHbX_Bl&edm=AI-cjbYBAAAA&ccb=7-5&oh=00_AYCR6qR2E74MsTWQPXNVf4Csz2gEebl-9cO8A0ambeT__w&oe=666EFD0C&_nc_sid=0985b0"
"59339387263","the_prince_vinsmoke","=""18022226033479832""","Websitenya pencaker gak bisa dipake...bayar IT cuma buat website kualitas anak SD....😂😂😂😂😂...kapan indonesia maju kalo kayak gini","4/30/2024, 5:52:21 PM","https://www.instagram.com/the_prince_vinsmoke","https://instagram.fsub6-4.fna.fbcdn.net/v/t51.2885-19/407375644_6644191365690961_1800043536305288896_n.jpg?stp=dst-jpg_s150x150&_nc_ht=instagram.fsub6-4.fna.fbcdn.net&_nc_cat=101&_nc_ohc=0Q3klKxKPboQ7kNvgHq1UNB&edm=AI-cjbYBAAAA&ccb=7-5&oh=00_AYBoJ3nXJtTEdAjD4Sen-0tpDuFGu8IMWo3vRVcEkNgrCg&oe=666EE410&_nc_sid=0985b0"
"61224812719","shafarilaila_","=""18034632700900336""","Tetap orang dalam pemenangnya. Gimana Indonesia mau maju, sekelas Dinas ***** aja masih bisa bawa orang dalem. Sedih, tapi realitanya emang gini🔥. Gapapa, tunggu keadilan diakhirat yaa!","5/3/2024, 6:24:46 PM","https://www.instagram.com/shafarilaila_","https://instagram.fsub6-1.fna.fbcdn.net/v/t51.2885-19/44884218_345707102882519_2446069589734326272_n.jpg?_nc_ht=instagram.fsub6-1.fna.fbcdn.net&_nc_cat=1&_nc_ohc=AmQvQC__QvEQ7kNvgETrLs2&edm=AI-cjbYBAAAA&ccb=7-5&ig_cache_key=YW5vbnltb3VzX3Byb2ZpbGVfcGlj.2-ccb7-5&oh=00_AYB3mv_N1Ag-vAzbOkn19jeCc-d-CEMeDOnwKZqkCegthg&oe=666EF34F&_nc_sid=0985b0"
"44745223","4lessandre","=""18048679852680909""","sik talah.. disini ada yg bisa log in gak sih? kok kebanyakan sambat ga bisa log in/reset password","5/25/2024, 6:18:27 AM","https://www.instagram.com/4lessandre","https://instagram.fsub6-7.fna.fbcdn.net/v/t51.2885-19/399543633_205336749264388_7350338321359165654_n.jpg?stp=dst-jpg_s150x150&_nc_ht=instagram.fsub6-7.fna.fbcdn.net&_nc_cat=104&_nc_ohc=7q19SEV_peQQ7kNvgEY1MNe&edm=AI-cjbYBAAAA&ccb=7-5&oh=00_AYDpYwPWQ7ZRqCcYv6NqmQamhJM_M925kOWnVUdCO6EF7A&oe=666EFC3C&_nc_sid=0985b0"
"3430608347","anggunpuspita055","=""18034187941825366""","@adp0497 sama kak😢","5/25/2024, 10:36:18 AM","https://www.instagram.com/anggunpuspita055","https://instagram.fsub6-6.fna.fbcdn.net/v/t51.2885-19/444168705_792969959691708_6752346226855403428_n.jpg?stp=dst-jpg_s150x150&_nc_ht=instagram.fsub6-6.fna.fbcdn.net&_nc_cat=100&_nc_ohc=JZJB0b4jGfIQ7kNvgHhI5gV&edm=AI-cjbYBAAAA&ccb=7-5&oh=00_AYCD2-vmIp89DSE-pXHqwv3lcQOqm8geg2dbve026ba9lg&oe=666EE3D5&_nc_sid=0985b0"
"3430608347","anggunpuspita055","=""17982932387678556""","@fandy1334  baca komen wkwk related🙃🙃","5/25/2024, 10:37:05 AM","https://www.instagram.com/anggunpuspita055","https://instagram.fsub6-6.fna.fbcdn.net/v/t51.2885-19/444168705_792969959691708_6752346226855403428_n.jpg?stp=dst-jpg_s150x150&_nc_ht=instagram.fsub6-6.fna.fbcdn.net&_nc_cat=100&_nc_ohc=JZJB0b4jGfIQ7kNvgHhI5gV&edm=AI-cjbYBAAAA&ccb=7-5&oh=00_AYCD2-vmIp89DSE-pXHqwv3lcQOqm8geg2dbve026ba9lg&oe=666EE3D5&_nc_sid=0985b0"
"3038370213","fandy1334","=""18005934959582892""","@anggunpuspita055 lg banyak yg akses aja kali, normal lah","5/25/2024, 3:05:10 PM","https://www.instagram.com/fandy1334","https://instagram.fsub6-5.fna.fbcdn.net/v/t51.2885-19/446332512_462111006368087_5571838422243628556_n.jpg?stp=dst-jpg_s150x150&_nc_ht=instagram.fsub6-5.fna.fbcdn.net&_nc_cat=111&_nc_ohc=_MEt0xp_omgQ7kNvgEyZ9OC&edm=AI-cjbYBAAAA&ccb=7-5&oh=00_AYCsP_a-UScWsani8fJn7EUOuDZsM4g4ghEa3tUUTYrExQ&oe=666ECBCA&_nc_sid=0985b0"
"3005646734","alamgim","=""18013613162457494""","Ktp luar surabaya bisa kah ini??","5/27/2024, 7:20:32 AM","https://www.instagram.com/alamgim","https://instagram.fsub6-6.fna.fbcdn.net/v/t51.2885-19/252165320_372208494651897_3722833586642256914_n.jpg?stp=dst-jpg_s150x150&_nc_ht=instagram.fsub6-6.fna.fbcdn.net&_nc_cat=109&_nc_ohc=n64lMaaF6_wQ7kNvgEg04UJ&edm=AI-cjbYBAAAA&ccb=7-5&oh=00_AYBusQcOx1Gsq-sO__FQUm6a_9-0WhCGwk8Y-WoLsYGFVw&oe=666EC6E2&_nc_sid=0985b0"
"57857841332","nahalieur","=""18021426989470365""","@alamgim Buat yg KTP Non SBY, lupakan saja. Setelah ngisi panjang lebar dengan bbrp kolom yg bikin ""Hah?"", baru muncul notif, HANYA UNTUK KTP SBY","5/27/2024, 8:06:17 PM","https://www.instagram.com/nahalieur","https://instagram.fsub6-1.fna.fbcdn.net/v/t51.2885-19/44884218_345707102882519_2446069589734326272_n.jpg?_nc_ht=instagram.fsub6-1.fna.fbcdn.net&_nc_cat=1&_nc_ohc=AmQvQC__QvEQ7kNvgETrLs2&edm=AI-cjbYBAAAA&ccb=7-5&ig_cache_key=YW5vbnltb3VzX3Byb2ZpbGVfcGlj.2-ccb7-5&oh=00_AYB3mv_N1Ag-vAzbOkn19jeCc-d-CEMeDOnwKZqkCegthg&oe=666EF34F&_nc_sid=0985b0"
"3005646734","alamgim","=""17843579439234675""","@nahalieur keadilan bagi seluruh rakyat indonesia sudah ganti jadi bagi rakyat daerah 👍","5/27/2024, 8:25:34 PM","https://www.instagram.com/alamgim","https://instagram.fsub6-6.fna.fbcdn.net/v/t51.2885-19/252165320_372208494651897_3722833586642256914_n.jpg?stp=dst-jpg_s150x150&_nc_ht=instagram.fsub6-6.fna.fbcdn.net&_nc_cat=109&_nc_ohc=n64lMaaF6_wQ7kNvgEg04UJ&edm=AI-cjbYBAAAA&ccb=7-5&oh=00_AYBusQcOx1Gsq-sO__FQUm6a_9-0WhCGwk8Y-WoLsYGFVw&oe=666EC6E2&_nc_sid=0985b0"
"1979443878","ariefburhanudin_","=""18240925528265863""","website mu seng ga isok di akses opo ancen wifiku seng error iki?","5/28/2024, 4:20:47 PM","https://www.instagram.com/ariefburhanudin_","https://instagram.fsub6-7.fna.fbcdn.net/v/t51.2885-19/440681810_976616823993782_3684439853272263611_n.jpg?stp=dst-jpg_s150x150&_nc_ht=instagram.fsub6-7.fna.fbcdn.net&_nc_cat=102&_nc_ohc=JrJsSa4c510Q7kNvgEvaUIf&edm=AI-cjbYBAAAA&ccb=7-5&oh=00_AYDL93m5WxEyhJnrJ1qBqO4iN8XBXKmiHhsMe6bgS61ooQ&oe=666EE9F2&_nc_sid=0985b0"
"4210569490","nugiarf","=""18029538719011361""","@ariefburhanudin_ podo cak","5/28/2024, 11:04:11 PM","https://www.instagram.com/nugiarf","https://instagram.fsub6-7.fna.fbcdn.net/v/t51.2885-19/441166658_1906100626469114_5416398370549834070_n.jpg?stp=dst-jpg_s150x150&_nc_ht=instagram.fsub6-7.fna.fbcdn.net&_nc_cat=102&_nc_ohc=QTmH-vNlQd4Q7kNvgFQjHJe&edm=AI-cjbYBAAAA&ccb=7-5&oh=00_AYB_G2_RLz9FIIyoBZ9XggQcJdKo0aGJVbiXBkFOmIUOOw&oe=666EE1E8&_nc_sid=0985b0"
"1532286946","rizkyjanuarputra","=""17881437087064364""","nang website onok nomor e hotline 1 karo 2, tp di WA podo centang 1","5/29/2024, 4:09:45 PM","https://www.instagram.com/rizkyjanuarputra","https://instagram.fsub6-1.fna.fbcdn.net/v/t51.2885-19/447942490_434947936113030_998171999662253647_n.jpg?stp=dst-jpg_s150x150&_nc_ht=instagram.fsub6-1.fna.fbcdn.net&_nc_cat=106&_nc_ohc=yOy6Lc-ofv0Q7kNvgEh6PmM&edm=AI-cjbYBAAAA&ccb=7-5&oh=00_AYD6vz8fzZU-qym7pv2fI1JNlkCVCd4bRgks_JlIPAhi8A&oe=666EE886&_nc_sid=0985b0"
"49133482420","__itsmeuty","=""18092886826429040""","@alamgim jangan gitu di wilayah surabaya juga masih banyak pengganguran ga diluaran aja ini udah sistemnya lebih mentingin daerah dulu dan namanya juga Disnaker yh pasti untuk 1 wilayah bukan untuk umum kayak wilayah diluar surabaya, dan setiap daerah ada kok Disnaker coba cari tau di Disnaker wilayah mu,be smart ya✨","5/29/2024, 4:13:49 PM","https://www.instagram.com/__itsmeuty","https://instagram.fsub6-7.fna.fbcdn.net/v/t51.2885-19/438327070_820606346784303_7767932650395972123_n.jpg?stp=dst-jpg_s150x150&_nc_ht=instagram.fsub6-7.fna.fbcdn.net&_nc_cat=103&_nc_ohc=E75qp6UJcjQQ7kNvgFAfX8e&edm=AI-cjbYBAAAA&ccb=7-5&oh=00_AYAv-0uH3MtScgwEErw4m9Jdk_FKRM4Bo0my05yfDJ31dQ&oe=666ECB4E&_nc_sid=0985b0"
"2930477783","abdur.rahman.bey","=""18113962564373566""","beberapa hari ini web ASSIK gk asik krn error melulu, buat login gk bisa, lupa password gk bisa padahal data2nya sdh sesuai, nik, email dll","5/30/2024, 9:29:29 AM","https://www.instagram.com/abdur.rahman.bey","https://instagram.fsub6-1.fna.fbcdn.net/v/t51.2885-19/136403691_500201584293298_2636169914603070082_n.jpg?stp=dst-jpg_s150x150&_nc_ht=instagram.fsub6-1.fna.fbcdn.net&_nc_cat=110&_nc_ohc=afyyL2CnIgMQ7kNvgHBiw2c&edm=AI-cjbYBAAAA&ccb=7-5&oh=00_AYB6YzDQtrSKG0wNQk-Uyl1VV55k5WOPDPb6LSvYB2NYLw&oe=666ED1C8&_nc_sid=0985b0"
"53621540308","_aripuji","=""18045692323637481""","Ini boleh warga luar Surabaya?","6/1/2024, 3:42:33 AM","https://www.instagram.com/_aripuji","https://instagram.fsub6-1.fna.fbcdn.net/v/t51.2885-19/336499130_648883470331998_6125256862188923807_n.jpg?stp=dst-jpg_s150x150&_nc_ht=instagram.fsub6-1.fna.fbcdn.net&_nc_cat=106&_nc_ohc=868nndff2yMQ7kNvgGOM3SE&edm=AI-cjbYBAAAA&ccb=7-5&oh=00_AYBtuzwO4Exu1DYU00SUO3nWxBmVmflnw5hVQJjWV7V-OA&oe=666EE5E7&_nc_sid=0985b0"
"2050007145","fitriamymunn","=""17952260774479593""","jika lupa password gmn ya minn","11/14/2022, 9:54:25 AM","https://www.instagram.com/fitriamymunn","https://instagram.fsub6-1.fna.fbcdn.net/v/t51.2885-19/444853174_971368707796138_1190616284644438172_n.jpg?stp=dst-jpg_s150x150&_nc_ht=instagram.fsub6-1.fna.fbcdn.net&_nc_cat=110&_nc_ohc=DtpbeRSQyfEQ7kNvgGVP5mF&edm=AI-cjbYBAAAA&ccb=7-5&oh=00_AYCqf4ef0Wy_FLR_OgfX_HU15wagTy-BYQfsTsQuG2t8Uw&oe=666EF4D3&_nc_sid=0985b0"
"5313889177","disperinakersby","=""17932206062584312""","@fitriamymunn ada menu lupa password saat login kak. jika masih belum bisa, silakan dm minnaker yaa","11/14/2022, 9:56:56 AM","https://www.instagram.com/disperinakersby","https://instagram.fsub6-7.fna.fbcdn.net/v/t51.2885-19/330863637_705856564574510_9188295714845863340_n.jpg?stp=dst-jpg_s150x150&_nc_ht=instagram.fsub6-7.fna.fbcdn.net&_nc_cat=102&_nc_ohc=NideBcSa0AkQ7kNvgHK20B4&edm=AI-cjbYBAAAA&ccb=7-5&oh=00_AYBJTzgA-Jg4p6tm1LTqgO1bsmWsNNvqpydFktG3JkELVg&oe=666EE54E&_nc_sid=0985b0"
"981259892","apriliaiktanaza","=""17931688649442537""","@halizatasya5","11/14/2022, 10:10:12 AM","https://www.instagram.com/apriliaiktanaza","https://instagram.fsub6-6.fna.fbcdn.net/v/t51.2885-19/341912487_115094494868517_3336138716937088344_n.jpg?stp=dst-jpg_s150x150&_nc_ht=instagram.fsub6-6.fna.fbcdn.net&_nc_cat=109&_nc_ohc=qzVqRaakqa4Q7kNvgH08YiY&edm=AI-cjbYBAAAA&ccb=7-5&oh=00_AYAfD_jwsDzu4_uYChbMQapLNnYwYSfie8N3220RpZJNzw&oe=666EE778&_nc_sid=0985b0"
"9683967331","amiinats_28","=""18004095286519179""","@disperinakersby sdh DM kak mau reset password","11/14/2022, 10:22:24 AM","https://www.instagram.com/amiinats_28","https://instagram.fsub6-1.fna.fbcdn.net/v/t51.2885-19/394623618_800778771800070_2156795624700286023_n.jpg?stp=dst-jpg_s150x150&_nc_ht=instagram.fsub6-1.fna.fbcdn.net&_nc_cat=106&_nc_ohc=xEzinGOG2d8Q7kNvgGU_lMR&edm=AI-cjbYBAAAA&ccb=7-5&oh=00_AYCfREVwG6wkNOqy6CRwYmu_UHQo_EWrCd2s1YFbbRtxaQ&oe=666EF5D4&_nc_sid=0985b0"
"4078884634","_budiisantoso27__","=""17945677019229793""","Untuk warga Surabaya aja atau luar kota Surabaya bisa ikut min","11/14/2022, 10:33:04 AM","https://www.instagram.com/_budiisantoso27__","https://instagram.fsub6-6.fna.fbcdn.net/v/t51.2885-19/360002134_816630473230889_8108548235450406874_n.jpg?stp=dst-jpg_s150x150&_nc_ht=instagram.fsub6-6.fna.fbcdn.net&_nc_cat=105&_nc_ohc=v8ello8tBqkQ7kNvgFWZtX2&edm=AI-cjbYBAAAA&ccb=7-5&oh=00_AYCKM2kdRuDXAi_l4Oa9Vmd84P_jbYaEiCk4AGc-LEGggg&oe=666EE80C&_nc_sid=0985b0"
"53735305049","kos.omahsate.jogya","=""17970773767806884""","Semangatttt","11/14/2022, 10:48:22 AM","https://www.instagram.com/kos.omahsate.jogya","https://instagram.fsub6-5.fna.fbcdn.net/v/t51.2885-19/290589283_409130934493847_1417436276480393715_n.jpg?stp=dst-jpg_s150x150&_nc_ht=instagram.fsub6-5.fna.fbcdn.net&_nc_cat=111&_nc_ohc=zKIxQg6FnpMQ7kNvgHcG7YZ&edm=AI-cjbYBAAAA&ccb=7-5&oh=00_AYDEqR3KcAmXybRJ2x0tJ02HYSvMEsJZYnJQ2iA-lpwqmA&oe=666EEE6B&_nc_sid=0985b0"
"597806301","nurdiana_evy","=""17984664211671792""","Saya sudah pernah nyoba... lupa pasword trus dsitu tertulis bisa meganti pasword baru apabila sudah masuk....","11/14/2022, 10:54:39 AM","https://www.instagram.com/nurdiana_evy","https://instagram.fsub6-6.fna.fbcdn.net/v/t51.2885-19/256101343_601163367753324_1579306186420908773_n.jpg?stp=dst-jpg_s150x150&_nc_ht=instagram.fsub6-6.fna.fbcdn.net&_nc_cat=100&_nc_ohc=r5IwuclCbwIQ7kNvgH3DjT0&edm=AI-cjbYBAAAA&ccb=7-5&oh=00_AYCR8IvjwHJnonHSzWszLcap0tE7VwQfFRIgDBCb9iqgBg&oe=666EEA1B&_nc_sid=0985b0"
"8623965629","dimasbilqis87gmail.com5","=""17931235337465141""","@ivonnepramitha1889","11/14/2022, 11:03:50 AM","https://www.instagram.com/dimasbilqis87gmail.com5","https://instagram.fsub6-5.fna.fbcdn.net/v/t51.2885-19/341563073_147446878288139_5585380735983291370_n.jpg?stp=dst-jpg_s150x150&_nc_ht=instagram.fsub6-5.fna.fbcdn.net&_nc_cat=111&_nc_ohc=0nBq2cyNPBoQ7kNvgHdWw2A&edm=AI-cjbYBAAAA&ccb=7-5&oh=00_AYBW4v6ZPdMBqn4-SKcNVNTEkeWUYob4xef8-9qajQmMgA&oe=666ECBE3&_nc_sid=0985b0"
"4126689722","bagas_adrian_saputra","=""17983105468685855""","@nurdiana_evy iya sama kak, ketika daftar akun pun tidak ada opsi untuk membuat password. Jadi bingung deh","11/14/2022, 11:15:08 AM","https://www.instagram.com/bagas_adrian_saputra","https://instagram.fsub6-4.fna.fbcdn.net/v/t51.2885-19/368625134_1955865414790975_8574180521394430968_n.jpg?stp=dst-jpg_s150x150&_nc_ht=instagram.fsub6-4.fna.fbcdn.net&_nc_cat=107&_nc_ohc=snDEsNmpVeIQ7kNvgHKD6Sy&edm=AI-cjbYBAAAA&ccb=7-5&oh=00_AYAZo_6Y12MmetiQUoqLfg0YukTKXQ3Es1lWVRmG9SgpBw&oe=666EF49A&_nc_sid=0985b0"
"4126689722","bagas_adrian_saputra","=""17966306713976132""","@nurdiana_evy belum bisa login juga ya kak?","11/14/2022, 11:15:20 AM","https://www.instagram.com/bagas_adrian_saputra","https://instagram.fsub6-4.fna.fbcdn.net/v/t51.2885-19/368625134_1955865414790975_8574180521394430968_n.jpg?stp=dst-jpg_s150x150&_nc_ht=instagram.fsub6-4.fna.fbcdn.net&_nc_cat=107&_nc_ohc=snDEsNmpVeIQ7kNvgHKD6Sy&edm=AI-cjbYBAAAA&ccb=7-5&oh=00_AYAZo_6Y12MmetiQUoqLfg0YukTKXQ3Es1lWVRmG9SgpBw&oe=666EF49A&_nc_sid=0985b0"
"597806301","nurdiana_evy","=""18023309215442694""","@bagas_adrian_saputra belum bisa masuk... semenjak lupa pasword","11/14/2022, 11:17:48 AM","https://www.instagram.com/nurdiana_evy","https://instagram.fsub6-6.fna.fbcdn.net/v/t51.2885-19/256101343_601163367753324_1579306186420908773_n.jpg?stp=dst-jpg_s150x150&_nc_ht=instagram.fsub6-6.fna.fbcdn.net&_nc_cat=100&_nc_ohc=r5IwuclCbwIQ7kNvgH3DjT0&edm=AI-cjbYBAAAA&ccb=7-5&oh=00_AYCR8IvjwHJnonHSzWszLcap0tE7VwQfFRIgDBCb9iqgBg&oe=666EEA1B&_nc_sid=0985b0"
"3419777125","putra_ibnu_tompel","=""17958531149133918""","@riiario07","11/14/2022, 11:49:04 AM","https://www.instagram.com/putra_ibnu_tompel","https://instagram.fsub6-7.fna.fbcdn.net/v/t51.2885-19/346606824_914067686519152_5384020334774201181_n.jpg?stp=dst-jpg_s150x150&_nc_ht=instagram.fsub6-7.fna.fbcdn.net&_nc_cat=104&_nc_ohc=lAyQz9hgn-cQ7kNvgFR9zXv&edm=AI-cjbYBAAAA&ccb=7-5&oh=00_AYArT8bCnrfOWg7v2Rssh1yMSj7k811ODvnebCJlfB031g&oe=666EF9B1&_nc_sid=0985b0"
"1556986264","pradana._siregar","=""17954085881225686""","@hendra.setiawa.18","11/14/2022, 12:00:47 PM","https://www.instagram.com/pradana._siregar","https://instagram.fsub6-7.fna.fbcdn.net/v/t51.2885-19/73414188_457229471589794_1985258266464092160_n.jpg?stp=dst-jpg_s150x150&_nc_ht=instagram.fsub6-7.fna.fbcdn.net&_nc_cat=102&_nc_ohc=M23d81bZ1IAQ7kNvgH18xBo&edm=AI-cjbYBAAAA&ccb=7-5&oh=00_AYCB_ERin6p6PluEHTHgPaqsrNdCefO5nhdWpqflpXQ2MQ&oe=666EF59C&_nc_sid=0985b0"
"6001064466","hendra.setiawa.18","=""17964746141007071""","@pradana._siregar siap","11/14/2022, 12:01:37 PM","https://www.instagram.com/hendra.setiawa.18","https://instagram.fsub6-3.fna.fbcdn.net/v/t51.2885-19/41366213_551208235310108_5888267147678842880_n.jpg?stp=dst-jpg_s150x150&_nc_ht=instagram.fsub6-3.fna.fbcdn.net&_nc_cat=108&_nc_ohc=STnK9cYgraIQ7kNvgHjblyt&edm=AI-cjbYBAAAA&ccb=7-5&oh=00_AYClMF3U5GygYwU99EMSm8ABLscrkbjILKaXD_3XwA6X0g&oe=666EE562&_nc_sid=0985b0"
"1784107619","tutut_rachmawati","=""17969335603935671""","Yok @namikulovia @jihancitra019","11/14/2022, 12:10:45 PM","https://www.instagram.com/tutut_rachmawati","https://instagram.fsub6-3.fna.fbcdn.net/v/t51.2885-19/419494027_310802318059016_1891016868894883093_n.jpg?stp=dst-jpg_s150x150&_nc_ht=instagram.fsub6-3.fna.fbcdn.net&_nc_cat=108&_nc_ohc=bPkCCxPFHH0Q7kNvgGR38XR&edm=AI-cjbYBAAAA&ccb=7-5&oh=00_AYAU3xOXEcKcC3NDp7h-MrLVTAfjK9K6J231yGK5QXDgtQ&oe=666EDDEA&_nc_sid=0985b0"
"2058658554","riridelatoya","=""17958638672146216""","@winda.herawati @ainunmunawaroh","11/14/2022, 12:16:14 PM","https://www.instagram.com/riridelatoya","https://instagram.fsub6-5.fna.fbcdn.net/v/t51.2885-19/440979532_805291441466051_3654473917177458484_n.jpg?stp=dst-jpg_s150x150&_nc_ht=instagram.fsub6-5.fna.fbcdn.net&_nc_cat=111&_nc_ohc=IhgdB1DBVEwQ7kNvgFk_cf5&edm=AI-cjbYBAAAA&ccb=7-5&oh=00_AYA6UQPQLgFh4bWBxON9YcBjkkWVQnGXjzQk0giadOxYZQ&oe=666EF830&_nc_sid=0985b0"
"12607057817","hamzahmurdi","=""17957605997030422""","Semoga the power of orang dalam tdk lagi menghalangi ya teman2 pencari kerja.. tetap semangat berjuang yuukkk.. pejuang receh","11/14/2022, 3:29:32 PM","https://www.instagram.com/hamzahmurdi","https://instagram.fsub6-7.fna.fbcdn.net/v/t51.2885-19/61567117_335225683824748_1836457964853002240_n.jpg?stp=dst-jpg_s150x150&_nc_ht=instagram.fsub6-7.fna.fbcdn.net&_nc_cat=104&_nc_ohc=7tjg5wVXj9AQ7kNvgH2FD8s&edm=AI-cjbYBAAAA&ccb=7-5&oh=00_AYDQ_b5rRf8MiwhF2jukQ-Hp_EdjMMsYQwvxVH0RqQra6w&oe=666EC538&_nc_sid=0985b0"
"1811195056","spionkocak","=""17994807034570449""","mohon bantuannya ya min untuk Check DM saya perihal akun saya yg sudah terdaftar tetapi lupa password juga tidak bisa min, mohon bantuannya ya min,terima kasih 🙏🏻","11/14/2022, 3:52:23 PM","https://www.instagram.com/spionkocak","https://instagram.fsub6-6.fna.fbcdn.net/v/t51.2885-19/440774955_1105412387334516_4609370263210362637_n.jpg?stp=dst-jpg_s150x150&_nc_ht=instagram.fsub6-6.fna.fbcdn.net&_nc_cat=100&_nc_ohc=Afor-VQMtdwQ7kNvgH6FfaB&edm=AI-cjbYBAAAA&ccb=7-5&oh=00_AYALtbV1lDi2w75AFcosa_6l5IqWefeQVIz2mBqcXaO2cw&oe=666EDFE9&_nc_sid=0985b0"
"1828356312","dhanmayangsari","=""17955780791318005""","@_budiisantoso27__ nitip pertanyaan yg sama, semoga di jawab sama Mimin ganteng 🥰 @disperinakersby","11/14/2022, 4:38:16 PM","https://www.instagram.com/dhanmayangsari","https://instagram.fsub6-7.fna.fbcdn.net/v/t51.2885-19/431503091_409593581791802_1532355917026158905_n.jpg?stp=dst-jpg_s150x150&_nc_ht=instagram.fsub6-7.fna.fbcdn.net&_nc_cat=102&_nc_ohc=N91nncD4FXoQ7kNvgFjUDwY&edm=AI-cjbYBAAAA&ccb=7-5&oh=00_AYD674nPXxDpDfwXXray7Fp0cW_xNDs-3zT7ZJ6aOXuzvw&oe=666ED926&_nc_sid=0985b0"
"1759949636","bhaktinano_30","=""17936039198346248""","Percuma lak gak onok wong njero bakal angel melbu.e, opo maneng contoh dishub lak gak onok wong njero gak bakal dadi dishub","11/14/2022, 6:50:39 PM","https://www.instagram.com/bhaktinano_30","https://instagram.fsub6-5.fna.fbcdn.net/v/t51.2885-19/361138987_949606309605011_120025473710208035_n.jpg?stp=dst-jpg_s150x150&_nc_ht=instagram.fsub6-5.fna.fbcdn.net&_nc_cat=111&_nc_ohc=9W0T2j3p6iUQ7kNvgEfnXer&edm=AI-cjbYBAAAA&ccb=7-5&oh=00_AYCY13XpfrIGnT0TW8SV_xzWKmUR0WVhurypBbZ8LurEgA&oe=666EE263&_nc_sid=0985b0"
"14701149388","_.intanayuu","=""17962845908042134""","@mahendrayok","11/15/2022, 12:02:17 AM","https://www.instagram.com/_.intanayuu","https://instagram.fsub6-7.fna.fbcdn.net/v/t51.2885-19/418634924_893235222396326_4346721036909572127_n.jpg?stp=dst-jpg_s150x150&_nc_ht=instagram.fsub6-7.fna.fbcdn.net&_nc_cat=102&_nc_ohc=iloOGUP1eMwQ7kNvgHrLEB0&edm=AI-cjbYBAAAA&ccb=7-5&oh=00_AYByr_Vb-X9gds0PYuxa4UTCyvArJvry7NvcEjBngch_kQ&oe=666EDEAF&_nc_sid=0985b0"
"1759949636","bhaktinano_30","=""18184071982246353""","@muhammad.rokit iyoo cak betul, kiro2 @ericahyadi_  ambek @cakj1 opo isok njawab nasib.e arek suroboyo seng jek nggangur dan gak nduwe kenalan wong njero","11/15/2022, 6:11:47 AM","https://www.instagram.com/bhaktinano_30","https://instagram.fsub6-5.fna.fbcdn.net/v/t51.2885-19/361138987_949606309605011_120025473710208035_n.jpg?stp=dst-jpg_s150x150&_nc_ht=instagram.fsub6-5.fna.fbcdn.net&_nc_cat=111&_nc_ohc=9W0T2j3p6iUQ7kNvgEfnXer&edm=AI-cjbYBAAAA&ccb=7-5&oh=00_AYCY13XpfrIGnT0TW8SV_xzWKmUR0WVhurypBbZ8LurEgA&oe=666EE263&_nc_sid=0985b0"
"5576273864","daengotnir","=""17858178809838581""","tidak semuda itu, sudah banyak kirim lamaran tidak ada yg lolos ketolak terus, pilihan terahir ngojek","11/15/2022, 6:31:09 AM","https://www.instagram.com/daengotnir","https://instagram.fsub6-1.fna.fbcdn.net/v/t51.2885-19/18948079_1397070637047042_7042102157469810688_a.jpg?stp=dst-jpg_s150x150&_nc_ht=instagram.fsub6-1.fna.fbcdn.net&_nc_cat=106&_nc_ohc=9nf7I5Z6RSIQ7kNvgG3JgiF&edm=AI-cjbYBAAAA&ccb=7-5&oh=00_AYA_jfkQwSxKuA1SNTfHjxScO4trg5mQCoVu7Vy2NT6SKA&oe=666EC5E7&_nc_sid=0985b0"
"5313889177","disperinakersby","=""18327282277024507""","@nurdiana_evy sore kak, untuk login username dan password lagi setelah mendaftar pake NIKnya yg sudah didaftarkan ya","11/15/2022, 4:32:26 PM","https://www.instagram.com/disperinakersby","https://instagram.fsub6-7.fna.fbcdn.net/v/t51.2885-19/330863637_705856564574510_9188295714845863340_n.jpg?stp=dst-jpg_s150x150&_nc_ht=instagram.fsub6-7.fna.fbcdn.net&_nc_cat=102&_nc_ohc=NideBcSa0AkQ7kNvgHK20B4&edm=AI-cjbYBAAAA&ccb=7-5&oh=00_AYBJTzgA-Jg4p6tm1LTqgO1bsmWsNNvqpydFktG3JkELVg&oe=666EE54E&_nc_sid=0985b0"
"597806301","nurdiana_evy","=""17984077918711036""","@disperinakersby saya sudah terdaftar kak... sudah pernah ikut jobfair yg ad di balai bahlawan kemaren... setelah dr sana itu saya gak bisa masuk lagi ke akun assik... tulisannya pasword salah... kalo lupa pasword itu gantinya dmna... dibawahe g ad tulisannya lupa pasword...","11/15/2022, 4:38:19 PM","https://www.instagram.com/nurdiana_evy","https://instagram.fsub6-6.fna.fbcdn.net/v/t51.2885-19/256101343_601163367753324_1579306186420908773_n.jpg?stp=dst-jpg_s150x150&_nc_ht=instagram.fsub6-6.fna.fbcdn.net&_nc_cat=100&_nc_ohc=r5IwuclCbwIQ7kNvgH3DjT0&edm=AI-cjbYBAAAA&ccb=7-5&oh=00_AYCR8IvjwHJnonHSzWszLcap0tE7VwQfFRIgDBCb9iqgBg&oe=666EEA1B&_nc_sid=0985b0"
"1935043577","nurincfc","=""17912504582565666""","@sisilrnt_","11/15/2022, 9:20:10 PM","https://www.instagram.com/nurincfc","https://instagram.fsub6-4.fna.fbcdn.net/v/t51.2885-19/241993161_2277379819060159_2887106452932754839_n.jpg?stp=dst-jpg_s150x150&_nc_ht=instagram.fsub6-4.fna.fbcdn.net&_nc_cat=107&_nc_ohc=rkRfnrv5hgkQ7kNvgGMEF1g&edm=AI-cjbYBAAAA&ccb=7-5&oh=00_AYCoBJ7oPoBHWZ3FBQMStDKYBjo7HO7rf3uGely-e2t0ZA&oe=666ED35B&_nc_sid=0985b0"
"6692755180","yuli.atmoko.566","=""18223324378091603""","Mohon petunjuk untuk usia 38 apa ada lowker pak","11/17/2022, 6:22:56 AM","https://www.instagram.com/yuli.atmoko.566","https://instagram.fsub6-3.fna.fbcdn.net/v/t51.2885-19/387780333_929259592006520_8597341162264324379_n.jpg?stp=dst-jpg_s150x150&_nc_ht=instagram.fsub6-3.fna.fbcdn.net&_nc_cat=108&_nc_ohc=5ClOiquOFb4Q7kNvgEnvQC4&edm=AI-cjbYBAAAA&ccb=7-5&oh=00_AYALKzcQmbyxX6fJ6_btM184KIOvWWQ1AsY50KWON7oXEQ&oe=666EFBAE&_nc_sid=0985b0"
"9502331745","tatikdamai","=""17953465646254598""","@","11/21/2022, 2:14:30 PM","https://www.instagram.com/tatikdamai","https://instagram.fsub6-7.fna.fbcdn.net/v/t51.2885-19/47230433_211642436391686_7341318140841689088_n.jpg?stp=dst-jpg_s150x150&_nc_ht=instagram.fsub6-7.fna.fbcdn.net&_nc_cat=102&_nc_ohc=bIxorkuQQrIQ7kNvgHjjC3i&edm=AI-cjbYBAAAA&ccb=7-5&oh=00_AYDvGXfGMDq_aPGWNfuBco4X37oJ5l_D6Nt_w7U6Qpk-TQ&oe=666EEA0C&_nc_sid=0985b0"
"6451686610","hendrik_kvstiawan","=""17983486990695279""","pas isi biodata bagian 'kelurahan' gak bisa di klik jadi auto gagal gk bisa lanjut isi yg lainnya😢","12/4/2022, 6:29:36 PM","https://www.instagram.com/hendrik_kvstiawan","https://instagram.fsub6-6.fna.fbcdn.net/v/t51.2885-19/414214868_1440739466838984_7258308700033726403_n.jpg?stp=dst-jpg_s150x150&_nc_ht=instagram.fsub6-6.fna.fbcdn.net&_nc_cat=100&_nc_ohc=Nhsy9co8LGEQ7kNvgFSk_gj&edm=AI-cjbYBAAAA&ccb=7-5&oh=00_AYBSw4dV_hi9BTzarpPMbs_0w58lnugVsFid5oiapXobfQ&oe=666EFCA8&_nc_sid=0985b0"
"23198206987","ardi_awan22","=""17986643413677760""","@hendrik_kvstiawan sama waktu ngisi kelurahan nggak bisa","12/6/2022, 11:08:28 AM","https://www.instagram.com/ardi_awan22","https://instagram.fsub6-7.fna.fbcdn.net/v/t51.2885-19/343583840_896855278285682_2139795006260393639_n.jpg?stp=dst-jpg_s150x150&_nc_ht=instagram.fsub6-7.fna.fbcdn.net&_nc_cat=102&_nc_ohc=VS0CyjbLFlcQ7kNvgElITUy&edm=AI-cjbYBAAAA&ccb=7-5&oh=00_AYC7ebX2qu1cVva0Uos4LRVn28AXSNBxfMgKXLLY6Ua8qQ&oe=666EE899&_nc_sid=0985b0"
"8047473659","pengacarasurabaya01","=""17930937965558490""","Permainan tok,yg msuk tetep orng dlem","12/6/2022, 9:39:22 PM","https://www.instagram.com/pengacarasurabaya01","https://instagram.fsub6-7.fna.fbcdn.net/v/t51.2885-19/366171814_668352298648395_5455973663064340390_n.jpg?stp=dst-jpg_s150x150&_nc_ht=instagram.fsub6-7.fna.fbcdn.net&_nc_cat=103&_nc_ohc=MTpaVmJzL9YQ7kNvgFyzpBN&edm=AI-cjbYBAAAA&ccb=7-5&oh=00_AYDowGG55BFBMRQu1FgEpyha02we-wyI0pwMDRXHh8q2yA&oe=666EE126&_nc_sid=0985b0"
"2272399564","ikhsaan.16","=""17947030673533829""","Maksudnya , link portofolio diri itu apa ya","3/8/2023, 10:39:28 PM","https://www.instagram.com/ikhsaan.16","https://instagram.fsub6-6.fna.fbcdn.net/v/t51.2885-19/412631720_674542998212345_8510187915598944461_n.jpg?stp=dst-jpg_s150x150&_nc_ht=instagram.fsub6-6.fna.fbcdn.net&_nc_cat=105&_nc_ohc=Rm4SkEZKRmUQ7kNvgFyIZ03&edm=AI-cjbYBAAAA&ccb=7-5&oh=00_AYAzPdsyVotZ1Hqr2ToXd5TQWTNOS014MK-np6pDzY38Nw&oe=666EF6CE&_nc_sid=0985b0"
"2272399564","ikhsaan.16","=""17939144576504425""","Kok kayaknya ngisi biodata agak ribet gitu ya","3/8/2023, 10:40:15 PM","https://www.instagram.com/ikhsaan.16","https://instagram.fsub6-6.fna.fbcdn.net/v/t51.2885-19/412631720_674542998212345_8510187915598944461_n.jpg?stp=dst-jpg_s150x150&_nc_ht=instagram.fsub6-6.fna.fbcdn.net&_nc_cat=105&_nc_ohc=Rm4SkEZKRmUQ7kNvgFyIZ03&edm=AI-cjbYBAAAA&ccb=7-5&oh=00_AYAzPdsyVotZ1Hqr2ToXd5TQWTNOS014MK-np6pDzY38Nw&oe=666EF6CE&_nc_sid=0985b0"
"3722312784","derryann05","=""18043395037432164""","Ini ikut yg barbershop di ajari sampai bisa kah?","4/12/2023, 9:58:31 PM","https://www.instagram.com/derryann05","https://instagram.fsub6-6.fna.fbcdn.net/v/t51.2885-19/15538406_230077447434048_7681559432781627392_a.jpg?stp=dst-jpg_s150x150&_nc_ht=instagram.fsub6-6.fna.fbcdn.net&_nc_cat=100&_nc_ohc=chjh3rW6yvsQ7kNvgFrl-s3&edm=AI-cjbYBAAAA&ccb=7-5&oh=00_AYB3mXSuE5KootHFDI7mYz_kqr0jkuJ20D2IoAADzQAebg&oe=666ED447&_nc_sid=0985b0"
"1810814371","julivegi","=""18241949074166074""","Kak saya udah pernah bikin akun, tapi lupa email dan password nya 😢, nik saya udah terdaftar jadi gk bs dipake lagi... Pemulihan akunnya gmn ya?? Bs nggak ya?","5/11/2023, 4:44:35 PM","https://www.instagram.com/julivegi","https://instagram.fsub6-1.fna.fbcdn.net/v/t51.2885-19/156249269_256313816086530_1134381978316832836_n.jpg?stp=dst-jpg_s150x150&_nc_ht=instagram.fsub6-1.fna.fbcdn.net&_nc_cat=106&_nc_ohc=pJBR2VnR6R4Q7kNvgGyoZ2E&edm=AI-cjbYBAAAA&ccb=7-5&oh=00_AYDLKIp6zJ2xhebyRmHKgAHWYkTcyq3IwpXKjD6E4aPbQg&oe=666ECA87&_nc_sid=0985b0"
"54420173100","permadani287","=""17959401509378262""","@bhaktinano_30 ngenteni wong njero g kerjo"" bro","5/26/2023, 1:20:15 PM","https://www.instagram.com/permadani287","https://instagram.fsub6-1.fna.fbcdn.net/v/t51.2885-19/329790438_126039206832526_3604088628422373058_n.jpg?stp=dst-jpg_s150x150&_nc_ht=instagram.fsub6-1.fna.fbcdn.net&_nc_cat=110&_nc_ohc=oviu65o64u4Q7kNvgEHdzad&edm=AI-cjbYBAAAA&ccb=7-5&oh=00_AYDo5J3jl7lP14wVoTO7Tq6mi_bTSit-FKOw7tqbylnazQ&oe=666EDE61&_nc_sid=0985b0"
"3170471946","derikar_","=""18004245916775665""","Ini khusus warga Surabaya ta min? Semisal pendatang bisa daftar ngga min?","5/26/2023, 1:26:18 PM","https://www.instagram.com/derikar_","https://instagram.fsub6-7.fna.fbcdn.net/v/t51.2885-19/325513079_3565070360430496_2173946436180476309_n.jpg?stp=dst-jpg_s150x150&_nc_ht=instagram.fsub6-7.fna.fbcdn.net&_nc_cat=104&_nc_ohc=od-tO7ujxPQQ7kNvgHuf3G9&edm=AI-cjbYBAAAA&ccb=7-5&oh=00_AYDgSNV0tFMTTktQ39NNKBOPkj-STM7yj64BovCXcv1n8w&oe=666EDE49&_nc_sid=0985b0"
"1930373030","glangrmdhni78","=""17917977476729708""","kok gabisa login min, padahal nik sama pw sudah benar smua. udah coba reset pw sama aja gabisa login","5/26/2023, 4:18:24 PM","https://www.instagram.com/glangrmdhni78","https://instagram.fcjs1-1.fna.fbcdn.net/v/t51.2885-19/44884218_345707102882519_2446069589734326272_n.jpg?_nc_ht=instagram.fcjs1-1.fna.fbcdn.net&_nc_cat=1&_nc_ohc=AmQvQC__QvEQ7kNvgGMNO9H&edm=AJ9x6zYBAAAA&ccb=7-5&ig_cache_key=YW5vbnltb3VzX3Byb2ZpbGVfcGlj.2-ccb7-5&oh=00_AYBgxJ1EfUPU56V7jzrVSfV5qjE7bzW-KY56YbD9LxvMyQ&oe=666EF34F&_nc_sid=65462d"
"4368065251","syahirah.ramadania","=""18368092495003246""","Sudah daftar tapi pas dibuat log in kok tidak bisa ya?","5/26/2023, 8:06:02 PM","https://www.instagram.com/syahirah.ramadania","https://instagram.fsub6-7.fna.fbcdn.net/v/t51.2885-19/444805807_421844870632407_8843721707837080872_n.jpg?stp=dst-jpg_s150x150&_nc_ht=instagram.fsub6-7.fna.fbcdn.net&_nc_cat=103&_nc_ohc=zLs0Pja1CQ4Q7kNvgF1w5cK&edm=AI-cjbYBAAAA&ccb=7-5&oh=00_AYDefkFzHoxmTy7pgKeDrGiD9J-UK1n-J8nGmDqn-Mui_Q&oe=666EE7A5&_nc_sid=0985b0"
"59527451470","he.rry5984","=""17983747529304318""","Gal bisa login","5/27/2023, 1:45:01 PM","https://www.instagram.com/he.rry5984","https://instagram.fcjs1-1.fna.fbcdn.net/v/t51.2885-19/44884218_345707102882519_2446069589734326272_n.jpg?_nc_ht=instagram.fcjs1-1.fna.fbcdn.net&_nc_cat=1&_nc_ohc=AmQvQC__QvEQ7kNvgGMNO9H&edm=AJ9x6zYBAAAA&ccb=7-5&ig_cache_key=YW5vbnltb3VzX3Byb2ZpbGVfcGlj.2-ccb7-5&oh=00_AYBgxJ1EfUPU56V7jzrVSfV5qjE7bzW-KY56YbD9LxvMyQ&oe=666EF34F&_nc_sid=65462d"
"5702569829","feeee2106","=""17879545700863992""","Untuk kelurahan gimana kak ya ada yang sudah bisa 🙏🙏","5/29/2023, 2:39:44 PM","https://www.instagram.com/feeee2106","https://instagram.fsub6-3.fna.fbcdn.net/v/t51.2885-19/448067664_739510864803212_458346863791538832_n.jpg?stp=dst-jpg_s150x150&_nc_ht=instagram.fsub6-3.fna.fbcdn.net&_nc_cat=108&_nc_ohc=hLQskVNQDm8Q7kNvgErXbiU&edm=AI-cjbYBAAAA&ccb=7-5&oh=00_AYBbx0RFE8jVGlWDvqpZAShQVkqjfKPb01doZCoqw6M2RQ&oe=666EF1E8&_nc_sid=0985b0"